sensor_id,t_unix,packet_counter,roll_deg,pitch_deg,yaw_deg
XDA.XsDeviceId,1790002410.588446,3747,-0.510,-0.422,-72.131
XDA.XsDeviceId,1790002410.602422,3748,-0.512,-0.418,-72.130
XDA.XsDeviceId,1790002410.618456,3749,-0.513,-0.420,-72.131
XDA.XsDeviceId,1790002410.634442,3750,-0.515,-0.421,-72.133
XDA.XsDeviceId,1790002410.650155,3751,-0.517,-0.423,-72.135
XDA.XsDeviceId,1790002410.665897,3752,-0.520,-0.429,-72.140
XDA.XsDeviceId,1790002410.681850,3753,-0.525,-0.431,-72.142
XDA.XsDeviceId,1790002410.697707,3754,-0.525,-0.432,-72.145
XDA.XsDeviceId,1790002410.713798,3755,-0.530,-0.439,-72.150
XDA.XsDeviceId,1790002410.729681,3756,-0.531,-0.440,-72.152
XDA.XsDeviceId,1790002410.745428,3757,-0.532,-0.439,-72.153
XDA.XsDeviceId,1790002410.761161,3758,-0.534,-0.439,-72.153
XDA.XsDeviceId,1790002410.763767,3759,-0.538,-0.442,-72.157
XDA.XsDeviceId,1790002410.765138,3760,-0.540,-0.444,-72.160
XDA.XsDeviceId,1790002410.780865,3761,-0.544,-0.448,-72.163
XDA.XsDeviceId,1790002410.797185,3762,-0.545,-0.449,-72.164
XDA.XsDeviceId,1790002410.813783,3763,-0.545,-0.451,-72.165
XDA.XsDeviceId,1790002410.830660,3764,-0.545,-0.449,-72.165
XDA.XsDeviceId,1790002410.831775,3765,-0.547,-0.449,-72.165
XDA.XsDeviceId,1790002410.847107,3766,-0.547,-0.450,-72.167
XDA.XsDeviceId,1790002410.864129,3767,-0.552,-0.452,-72.168
XDA.XsDeviceId,1790002410.880562,3768,-0.560,-0.447,-72.168
XDA.XsDeviceId,1790002410.881767,3769,-0.558,-0.446,-72.168
XDA.XsDeviceId,1790002410.897553,3770,-0.559,-0.450,-72.172
XDA.XsDeviceId,1790002410.914074,3771,-0.561,-0.452,-72.174
XDA.XsDeviceId,1790002410.915238,3772,-0.558,-0.450,-72.173
XDA.XsDeviceId,1790002410.930530,3773,-0.556,-0.447,-72.173
XDA.XsDeviceId,1790002410.931777,3774,-0.558,-0.447,-72.176
XDA.XsDeviceId,1790002410.954819,3775,-0.559,-0.448,-72.177
XDA.XsDeviceId,1790002410.980537,3776,-0.559,-0.441,-72.174
XDA.XsDeviceId,1790002410.997341,3777,-0.561,-0.443,-72.177
XDA.XsDeviceId,1790002410.998467,3778,-0.566,-0.442,-72.183
XDA.XsDeviceId,1790002411.030894,3779,-0.566,-0.441,-72.185
XDA.XsDeviceId,1790002411.032056,3780,-0.569,-0.442,-72.190
XDA.XsDeviceId,1790002411.049161,3781,-0.567,-0.442,-72.194
XDA.XsDeviceId,1790002411.080903,3782,-0.570,-0.441,-72.196
XDA.XsDeviceId,1790002411.097271,3783,-0.574,-0.439,-72.199
XDA.XsDeviceId,1790002411.113829,3784,-0.576,-0.434,-72.201
XDA.XsDeviceId,1790002411.115164,3785,-0.578,-0.433,-72.204
XDA.XsDeviceId,1790002411.147131,3786,-0.583,-0.432,-72.207
XDA.XsDeviceId,1790002411.164218,3787,-0.585,-0.430,-72.209
XDA.XsDeviceId,1790002411.180701,3788,-0.583,-0.426,-72.205
XDA.XsDeviceId,1790002411.197673,3789,-0.588,-0.426,-72.211
XDA.XsDeviceId,1790002411.199225,3790,-0.588,-0.421,-72.205
XDA.XsDeviceId,1790002411.230539,3791,-0.590,-0.418,-72.210
XDA.XsDeviceId,1790002411.247458,3792,-0.589,-0.415,-72.207
XDA.XsDeviceId,1790002411.263924,3793,-0.589,-0.411,-72.207
XDA.XsDeviceId,1790002411.280925,3794,-0.589,-0.412,-72.211
XDA.XsDeviceId,1790002411.297451,3795,-0.589,-0.410,-72.212
XDA.XsDeviceId,1790002411.313796,3796,-0.592,-0.411,-72.216
XDA.XsDeviceId,1790002411.315204,3797,-0.595,-0.402,-72.212
XDA.XsDeviceId,1790002411.347328,3798,-0.596,-0.402,-72.214
XDA.XsDeviceId,1790002411.363836,3799,-0.603,-0.400,-72.220
XDA.XsDeviceId,1790002411.380821,3800,-0.602,-0.401,-72.227
XDA.XsDeviceId,1790002411.397258,3801,-0.604,-0.405,-72.233
XDA.XsDeviceId,1790002411.413962,3802,-0.607,-0.409,-72.239
XDA.XsDeviceId,1790002411.426312,3803,-0.611,-0.406,-72.241
XDA.XsDeviceId,1790002411.447346,3804,-0.611,-0.411,-72.248
XDA.XsDeviceId,1790002411.463967,3805,-0.616,-0.413,-72.256
XDA.XsDeviceId,1790002411.466134,3806,-0.618,-0.420,-72.266
XDA.XsDeviceId,1790002411.497200,3807,-0.615,-0.410,-72.258
XDA.XsDeviceId,1790002411.513851,3808,-0.622,-0.400,-72.255
XDA.XsDeviceId,1790002411.530545,3809,-0.624,-0.397,-72.255
XDA.XsDeviceId,1790002411.532651,3810,-0.620,-0.392,-72.247
XDA.XsDeviceId,1790002411.563843,3811,-0.615,-0.393,-72.248
XDA.XsDeviceId,1790002411.571799,3812,-0.613,-0.387,-72.242
XDA.XsDeviceId,1790002411.603436,3813,-0.611,-0.389,-72.245
XDA.XsDeviceId,1790002411.631497,3814,-0.612,-0.387,-72.248
XDA.XsDeviceId,1790002411.647413,3815,-0.613,-0.382,-72.245
XDA.XsDeviceId,1790002411.663303,3816,-0.618,-0.382,-72.251
XDA.XsDeviceId,1790002411.679278,3817,-0.613,-0.385,-72.252
XDA.XsDeviceId,1790002411.695441,3818,-0.608,-0.379,-72.246
XDA.XsDeviceId,1790002411.711379,3819,-0.601,-0.384,-72.251
XDA.XsDeviceId,1790002411.727049,3820,-0.596,-0.377,-72.243
XDA.XsDeviceId,1790002411.743134,3821,-0.598,-0.383,-72.254
XDA.XsDeviceId,1790002411.759287,3822,-0.596,-0.388,-72.257
XDA.XsDeviceId,1790002411.775232,3823,-0.593,-0.390,-72.266
XDA.XsDeviceId,1790002411.791382,3824,-0.596,-0.386,-72.266
XDA.XsDeviceId,1790002411.807204,3825,-0.602,-0.393,-72.278
XDA.XsDeviceId,1790002411.823261,3826,-0.601,-0.389,-72.278
XDA.XsDeviceId,1790002411.839038,3827,-0.595,-0.401,-72.288
XDA.XsDeviceId,1790002411.855198,3828,-0.594,-0.400,-72.287
XDA.XsDeviceId,1790002411.871043,3829,-0.599,-0.402,-72.297
XDA.XsDeviceId,1790002411.887052,3830,-0.594,-0.407,-72.302
XDA.XsDeviceId,1790002411.903019,3831,-0.587,-0.415,-72.306
XDA.XsDeviceId,1790002411.919050,3832,-0.586,-0.413,-72.304
XDA.XsDeviceId,1790002411.934406,3833,-0.577,-0.410,-72.294
XDA.XsDeviceId,1790002411.950076,3834,-0.578,-0.420,-72.314
XDA.XsDeviceId,1790002411.965900,3835,-0.585,-0.423,-72.323
XDA.XsDeviceId,1790002411.982002,3836,-0.589,-0.420,-72.326
XDA.XsDeviceId,1790002411.997978,3837,-0.582,-0.427,-72.332
XDA.XsDeviceId,1790002412.013846,3838,-0.586,-0.427,-72.340
XDA.XsDeviceId,1790002412.029972,3839,-0.587,-0.424,-72.337
XDA.XsDeviceId,1790002412.045824,3840,-0.580,-0.427,-72.338
XDA.XsDeviceId,1790002412.061745,3841,-0.592,-0.431,-72.354
XDA.XsDeviceId,1790002412.093514,3842,-0.586,-0.424,-72.348
XDA.XsDeviceId,1790002412.108443,3843,-0.587,-0.422,-72.346
XDA.XsDeviceId,1790002412.130093,3844,-0.584,-0.421,-72.345
XDA.XsDeviceId,1790002412.146062,3845,-0.587,-0.427,-72.356
XDA.XsDeviceId,1790002412.162133,3846,-0.587,-0.429,-72.359
XDA.XsDeviceId,1790002412.178189,3847,-0.592,-0.423,-72.359
XDA.XsDeviceId,1790002412.194146,3848,-0.589,-0.424,-72.358
XDA.XsDeviceId,1790002412.210076,3849,-0.581,-0.429,-72.361
XDA.XsDeviceId,1790002412.225764,3850,-0.580,-0.431,-72.365
XDA.XsDeviceId,1790002412.241590,3851,-0.583,-0.441,-72.382
XDA.XsDeviceId,1790002412.257584,3852,-0.580,-0.445,-72.385
XDA.XsDeviceId,1790002412.273553,3853,-0.593,-0.445,-72.396
XDA.XsDeviceId,1790002412.289430,3854,-0.590,-0.433,-72.381
XDA.XsDeviceId,1790002412.305485,3855,-0.582,-0.432,-72.379
XDA.XsDeviceId,1790002412.321493,3856,-0.594,-0.436,-72.394
XDA.XsDeviceId,1790002412.337437,3857,-0.589,-0.438,-72.395
XDA.XsDeviceId,1790002412.353332,3858,-0.593,-0.439,-72.399
XDA.XsDeviceId,1790002412.369399,3859,-0.596,-0.444,-72.403
XDA.XsDeviceId,1790002412.385273,3860,-0.593,-0.445,-72.406
XDA.XsDeviceId,1790002412.401225,3861,-0.587,-0.437,-72.393
XDA.XsDeviceId,1790002412.417204,3862,-0.592,-0.442,-72.403
XDA.XsDeviceId,1790002412.433356,3863,-0.599,-0.449,-72.419
XDA.XsDeviceId,1790002412.449371,3864,-0.599,-0.451,-72.425
XDA.XsDeviceId,1790002412.465267,3865,-0.610,-0.453,-72.433
XDA.XsDeviceId,1790002412.481318,3866,-0.603,-0.458,-72.434
XDA.XsDeviceId,1790002412.497234,3867,-0.548,-0.503,-72.384
XDA.XsDeviceId,1790002412.513215,3868,-0.547,-0.502,-72.386
XDA.XsDeviceId,1790002412.529077,3869,-0.548,-0.502,-72.390
XDA.XsDeviceId,1790002412.545046,3870,-0.547,-0.502,-72.389
XDA.XsDeviceId,1790002412.577011,3871,-0.546,-0.502,-72.387
XDA.XsDeviceId,1790002412.592867,3872,-0.546,-0.499,-72.387
XDA.XsDeviceId,1790002412.609018,3873,-0.547,-0.500,-72.390
XDA.XsDeviceId,1790002412.624951,3874,-0.548,-0.500,-72.390
XDA.XsDeviceId,1790002412.640909,3875,-0.547,-0.499,-72.388
XDA.XsDeviceId,1790002412.656928,3876,-0.547,-0.498,-72.388
XDA.XsDeviceId,1790002412.672848,3877,-0.547,-0.498,-72.388
XDA.XsDeviceId,1790002412.688774,3878,-0.548,-0.498,-72.389
XDA.XsDeviceId,1790002412.704908,3879,-0.547,-0.497,-72.389
XDA.XsDeviceId,1790002412.720873,3880,-0.548,-0.497,-72.390
XDA.XsDeviceId,1790002412.736858,3881,-0.547,-0.498,-72.391
XDA.XsDeviceId,1790002412.752723,3882,-0.547,-0.498,-72.394
XDA.XsDeviceId,1790002412.768706,3883,-0.548,-0.499,-72.395
XDA.XsDeviceId,1790002412.784699,3884,-0.548,-0.498,-72.397
XDA.XsDeviceId,1790002412.800627,3885,-0.549,-0.497,-72.397
XDA.XsDeviceId,1790002412.816725,3886,-0.547,-0.497,-72.398
XDA.XsDeviceId,1790002412.832723,3887,-0.548,-0.498,-72.402
XDA.XsDeviceId,1790002412.848555,3888,-0.548,-0.497,-72.401
XDA.XsDeviceId,1790002412.864735,3889,-0.549,-0.498,-72.398
XDA.XsDeviceId,1790002412.880606,3890,-0.550,-0.497,-72.402
XDA.XsDeviceId,1790002412.896631,3891,-0.549,-0.498,-72.406
XDA.XsDeviceId,1790002412.912560,3892,-0.550,-0.498,-72.409
XDA.XsDeviceId,1790002412.928610,3893,-0.551,-0.498,-72.410
XDA.XsDeviceId,1790002412.944407,3894,-0.552,-0.498,-72.413
XDA.XsDeviceId,1790002412.976411,3895,-0.551,-0.498,-72.410
XDA.XsDeviceId,1790002412.992508,3896,-0.551,-0.498,-72.410
XDA.XsDeviceId,1790002413.008363,3897,-0.550,-0.498,-72.410
XDA.XsDeviceId,1790002413.024436,3898,-0.551,-0.498,-72.412
XDA.XsDeviceId,1790002413.040489,3899,-0.552,-0.496,-72.411
XDA.XsDeviceId,1790002413.056394,3900,-0.553,-0.496,-72.411
XDA.XsDeviceId,1790002413.072483,3901,-0.552,-0.495,-72.413
XDA.XsDeviceId,1790002413.088489,3902,-0.552,-0.495,-72.413
XDA.XsDeviceId,1790002413.104429,3903,-0.552,-0.494,-72.412
XDA.XsDeviceId,1790002413.119742,3904,-0.552,-0.496,-72.413
XDA.XsDeviceId,1790002413.135305,3905,-0.552,-0.493,-72.413
XDA.XsDeviceId,1790002413.165238,3906,-0.553,-0.493,-72.416
XDA.XsDeviceId,1790002413.181265,3907,-0.553,-0.492,-72.413
XDA.XsDeviceId,1790002413.197193,3908,-0.554,-0.492,-72.413
XDA.XsDeviceId,1790002413.213166,3909,-0.555,-0.490,-72.415
XDA.XsDeviceId,1790002413.229135,3910,-0.555,-0.491,-72.418
XDA.XsDeviceId,1790002413.245028,3911,-0.555,-0.491,-72.418
XDA.XsDeviceId,1790002413.261040,3912,-0.556,-0.490,-72.418
XDA.XsDeviceId,1790002413.276972,3913,-0.556,-0.491,-72.418
XDA.XsDeviceId,1790002413.292975,3914,-0.555,-0.491,-72.418
XDA.XsDeviceId,1790002413.308920,3915,-0.555,-0.492,-72.419
XDA.XsDeviceId,1790002413.324835,3916,-0.555,-0.492,-72.420
XDA.XsDeviceId,1790002413.340452,3917,-0.555,-0.491,-72.416
XDA.XsDeviceId,1790002413.356403,3918,-0.556,-0.491,-72.418
XDA.XsDeviceId,1790002413.372380,3919,-0.555,-0.490,-72.419
XDA.XsDeviceId,1790002413.388418,3920,-0.555,-0.491,-72.417
XDA.XsDeviceId,1790002413.404409,3921,-0.556,-0.489,-72.418
XDA.XsDeviceId,1790002413.420276,3922,-0.554,-0.488,-72.417
XDA.XsDeviceId,1790002413.436450,3923,-0.554,-0.489,-72.417
XDA.XsDeviceId,1790002413.452220,3924,-0.554,-0.489,-72.415
XDA.XsDeviceId,1790002413.468169,3925,-0.556,-0.490,-72.414
XDA.XsDeviceId,1790002413.483938,3926,-0.556,-0.488,-72.414
XDA.XsDeviceId,1790002413.499765,3927,-0.557,-0.490,-72.414
XDA.XsDeviceId,1790002413.515683,3928,-0.558,-0.489,-72.416
XDA.XsDeviceId,1790002413.531784,3929,-0.559,-0.489,-72.416
XDA.XsDeviceId,1790002413.547828,3930,-0.559,-0.490,-72.417
XDA.XsDeviceId,1790002413.563616,3931,-0.559,-0.491,-72.418
XDA.XsDeviceId,1790002413.579556,3932,-0.559,-0.491,-72.419
XDA.XsDeviceId,1790002413.595684,3933,-0.561,-0.491,-72.420
XDA.XsDeviceId,1790002413.611701,3934,-0.560,-0.491,-72.418
XDA.XsDeviceId,1790002413.627596,3935,-0.561,-0.492,-72.421
XDA.XsDeviceId,1790002413.659505,3936,-0.562,-0.492,-72.421
XDA.XsDeviceId,1790002413.675527,3937,-0.562,-0.490,-72.420
XDA.XsDeviceId,1790002413.691465,3938,-0.563,-0.491,-72.420
XDA.XsDeviceId,1790002413.707137,3939,-0.562,-0.492,-72.421
XDA.XsDeviceId,1790002413.722998,3940,-0.562,-0.492,-72.424
XDA.XsDeviceId,1790002413.739005,3941,-0.563,-0.494,-72.424
XDA.XsDeviceId,1790002413.754937,3942,-0.563,-0.493,-72.427
XDA.XsDeviceId,1790002413.770802,3943,-0.563,-0.493,-72.427
XDA.XsDeviceId,1790002413.786615,3944,-0.564,-0.494,-72.428
XDA.XsDeviceId,1790002413.802355,3945,-0.564,-0.492,-72.426
XDA.XsDeviceId,1790002413.818268,3946,-0.564,-0.494,-72.426
XDA.XsDeviceId,1790002413.834024,3947,-0.564,-0.493,-72.428
XDA.XsDeviceId,1790002413.849855,3948,-0.565,-0.494,-72.428
XDA.XsDeviceId,1790002413.865588,3949,-0.565,-0.493,-72.427
XDA.XsDeviceId,1790002413.881650,3950,-0.565,-0.494,-72.430
XDA.XsDeviceId,1790002413.897679,3951,-0.566,-0.495,-72.429
XDA.XsDeviceId,1790002413.913792,3952,-0.566,-0.496,-72.429
XDA.XsDeviceId,1790002413.929582,3953,-0.566,-0.495,-72.428
XDA.XsDeviceId,1790002413.945517,3954,-0.567,-0.495,-72.428
XDA.XsDeviceId,1790002413.961485,3955,-0.568,-0.495,-72.430
XDA.XsDeviceId,1790002413.993057,3956,-0.569,-0.495,-72.428
XDA.XsDeviceId,1790002414.009073,3957,-0.570,-0.495,-72.428
XDA.XsDeviceId,1790002414.024965,3958,-0.572,-0.495,-72.428
XDA.XsDeviceId,1790002414.041065,3959,-0.570,-0.495,-72.427
XDA.XsDeviceId,1790002414.057002,3960,-0.570,-0.495,-72.429
XDA.XsDeviceId,1790002414.072988,3961,-0.572,-0.495,-72.432
XDA.XsDeviceId,1790002414.088984,3962,-0.571,-0.496,-72.429
XDA.XsDeviceId,1790002414.104946,3963,-0.572,-0.495,-72.431
XDA.XsDeviceId,1790002414.120912,3964,-0.572,-0.496,-72.431
XDA.XsDeviceId,1790002414.136975,3965,-0.572,-0.496,-72.430
XDA.XsDeviceId,1790002414.152068,3966,-0.570,-0.496,-72.431
XDA.XsDeviceId,1790002414.168053,3967,-0.572,-0.497,-72.435
XDA.XsDeviceId,1790002414.181368,3968,-0.572,-0.497,-72.433
XDA.XsDeviceId,1790002414.196698,3969,-0.572,-0.498,-72.434
XDA.XsDeviceId,1790002414.212763,3970,-0.572,-0.498,-72.433
XDA.XsDeviceId,1790002414.228797,3971,-0.572,-0.498,-72.432
XDA.XsDeviceId,1790002414.244687,3972,-0.572,-0.499,-72.431
XDA.XsDeviceId,1790002414.260685,3973,-0.572,-0.498,-72.433
XDA.XsDeviceId,1790002414.292607,3974,-0.572,-0.499,-72.432
XDA.XsDeviceId,1790002414.308691,3975,-0.572,-0.499,-72.434
XDA.XsDeviceId,1790002414.324656,3976,-0.568,-0.500,-72.434
XDA.XsDeviceId,1790002414.340600,3977,-0.570,-0.498,-72.432
XDA.XsDeviceId,1790002414.356481,3978,-0.569,-0.499,-72.431
XDA.XsDeviceId,1790002414.372394,3979,-0.569,-0.498,-72.430
XDA.XsDeviceId,1790002414.388453,3980,-0.568,-0.498,-72.431
XDA.XsDeviceId,1790002414.404487,3981,-0.568,-0.498,-72.431
XDA.XsDeviceId,1790002414.420402,3982,-0.570,-0.498,-72.432
XDA.XsDeviceId,1790002414.436158,3983,-0.569,-0.499,-72.433
XDA.XsDeviceId,1790002414.451868,3984,-0.568,-0.498,-72.432
XDA.XsDeviceId,1790002414.467883,3985,-0.568,-0.500,-72.434
XDA.XsDeviceId,1790002414.483968,3986,-0.568,-0.499,-72.434
XDA.XsDeviceId,1790002414.499893,3987,-0.556,-0.498,-72.443
XDA.XsDeviceId,1790002414.515848,3988,-0.556,-0.498,-72.442
XDA.XsDeviceId,1790002414.531743,3989,-0.556,-0.498,-72.442
XDA.XsDeviceId,1790002414.547834,3990,-0.554,-0.497,-72.442
XDA.XsDeviceId,1790002414.563673,3991,-0.554,-0.496,-72.440
XDA.XsDeviceId,1790002414.579773,3992,-0.552,-0.497,-72.439
XDA.XsDeviceId,1790002414.595599,3993,-0.555,-0.496,-72.440
XDA.XsDeviceId,1790002414.611675,3994,-0.554,-0.496,-72.438
XDA.XsDeviceId,1790002414.643622,3995,-0.553,-0.496,-72.438
XDA.XsDeviceId,1790002414.659545,3996,-0.554,-0.495,-72.440
XDA.XsDeviceId,1790002414.675593,3997,-0.553,-0.496,-72.440
XDA.XsDeviceId,1790002414.691505,3998,-0.552,-0.496,-72.441
XDA.XsDeviceId,1790002414.707522,3999,-0.552,-0.495,-72.441
XDA.XsDeviceId,1790002414.723516,4000,-0.553,-0.496,-72.442
XDA.XsDeviceId,1790002414.739505,4001,-0.554,-0.496,-72.441
XDA.XsDeviceId,1790002414.755420,4002,-0.554,-0.495,-72.442
XDA.XsDeviceId,1790002414.771353,4003,-0.552,-0.495,-72.442
XDA.XsDeviceId,1790002414.787453,4004,-0.551,-0.496,-72.441
XDA.XsDeviceId,1790002414.803411,4005,-0.551,-0.496,-72.441
XDA.XsDeviceId,1790002414.819325,4006,-0.552,-0.494,-72.441
XDA.XsDeviceId,1790002414.834688,4007,-0.551,-0.496,-72.441
XDA.XsDeviceId,1790002414.850594,4008,-0.551,-0.495,-72.440
XDA.XsDeviceId,1790002414.866771,4009,-0.551,-0.495,-72.443
XDA.XsDeviceId,1790002414.882704,4010,-0.550,-0.494,-72.444
XDA.XsDeviceId,1790002414.898626,4011,-0.550,-0.494,-72.444
XDA.XsDeviceId,1790002414.914822,4012,-0.550,-0.495,-72.443
XDA.XsDeviceId,1790002414.930763,4013,-0.549,-0.496,-72.444
XDA.XsDeviceId,1790002414.946733,4014,-0.549,-0.495,-72.445
XDA.XsDeviceId,1790002414.962700,4015,-0.551,-0.497,-72.446
XDA.XsDeviceId,1790002414.978732,4016,-0.549,-0.498,-72.447
XDA.XsDeviceId,1790002414.994544,4017,-0.550,-0.497,-72.449
XDA.XsDeviceId,1790002415.026505,4018,-0.550,-0.499,-72.448
XDA.XsDeviceId,1790002415.042482,4019,-0.550,-0.499,-72.448
XDA.XsDeviceId,1790002415.058563,4020,-0.551,-0.499,-72.449
XDA.XsDeviceId,1790002415.074430,4021,-0.551,-0.499,-72.450
XDA.XsDeviceId,1790002415.090549,4022,-0.550,-0.501,-72.449
XDA.XsDeviceId,1790002415.106477,4023,-0.551,-0.502,-72.449
XDA.XsDeviceId,1790002415.122508,4024,-0.552,-0.502,-72.451
XDA.XsDeviceId,1790002415.138428,4025,-0.551,-0.502,-72.452
XDA.XsDeviceId,1790002415.154325,4026,-0.552,-0.502,-72.451
XDA.XsDeviceId,1790002415.170202,4027,-0.553,-0.502,-72.452
XDA.XsDeviceId,1790002415.186240,4028,-0.553,-0.501,-72.452
XDA.XsDeviceId,1790002415.202309,4029,-0.553,-0.501,-72.451
XDA.XsDeviceId,1790002415.218019,4030,-0.552,-0.501,-72.451
XDA.XsDeviceId,1790002415.234034,4031,-0.554,-0.501,-72.450
XDA.XsDeviceId,1790002415.249771,4032,-0.554,-0.500,-72.453
XDA.XsDeviceId,1790002415.265597,4033,-0.552,-0.501,-72.454
XDA.XsDeviceId,1790002415.281642,4034,-0.554,-0.501,-72.454
XDA.XsDeviceId,1790002415.297644,4035,-0.554,-0.500,-72.454
XDA.XsDeviceId,1790002415.313732,4036,-0.553,-0.501,-72.454
XDA.XsDeviceId,1790002415.329666,4037,-0.553,-0.500,-72.453
XDA.XsDeviceId,1790002415.345641,4038,-0.551,-0.504,-72.445
XDA.XsDeviceId,1790002415.361264,4039,-0.549,-0.484,-72.023
XDA.XsDeviceId,1790002415.393040,4040,-0.508,-0.486,-71.572
XDA.XsDeviceId,1790002415.408970,4041,-0.527,-0.506,-71.372
XDA.XsDeviceId,1790002415.424880,4042,-0.544,-0.497,-71.301
XDA.XsDeviceId,1790002415.441003,4043,-0.546,-0.500,-71.297
XDA.XsDeviceId,1790002415.456996,4044,-0.546,-0.501,-71.296
XDA.XsDeviceId,1790002415.472851,4045,-0.548,-0.492,-71.303
XDA.XsDeviceId,1790002415.488815,4046,-0.550,-0.492,-71.305
XDA.XsDeviceId,1790002415.504724,4047,-0.548,-0.490,-71.305
XDA.XsDeviceId,1790002415.520917,4048,-0.550,-0.490,-71.305
XDA.XsDeviceId,1790002415.536803,4049,-0.549,-0.490,-71.306
XDA.XsDeviceId,1790002415.552783,4050,-0.550,-0.490,-71.306
XDA.XsDeviceId,1790002415.568842,4051,-0.550,-0.491,-71.307
XDA.XsDeviceId,1790002415.584522,4052,-0.551,-0.491,-71.306
XDA.XsDeviceId,1790002415.600575,4053,-0.550,-0.490,-71.305
XDA.XsDeviceId,1790002415.616632,4054,-0.552,-0.492,-71.306
XDA.XsDeviceId,1790002415.632634,4055,-0.550,-0.493,-71.306
XDA.XsDeviceId,1790002415.648575,4056,-0.546,-0.502,-71.295
XDA.XsDeviceId,1790002415.664757,4057,-0.565,-0.531,-71.327
XDA.XsDeviceId,1790002415.680625,4058,-0.530,-0.509,-71.357
XDA.XsDeviceId,1790002415.696703,4059,-0.529,-0.504,-71.338
XDA.XsDeviceId,1790002415.712481,4060,-0.533,-0.491,-71.293
XDA.XsDeviceId,1790002415.728522,4061,-0.505,-0.352,-71.272
XDA.XsDeviceId,1790002415.744532,4062,-0.491,-0.290,-71.248
XDA.XsDeviceId,1790002415.760529,4063,-0.492,-0.245,-71.250
XDA.XsDeviceId,1790002415.792516,4064,-0.513,-0.228,-71.223
XDA.XsDeviceId,1790002415.808482,4065,-0.583,-0.230,-71.093
XDA.XsDeviceId,1790002415.824492,4066,-0.774,-0.279,-70.815
XDA.XsDeviceId,1790002415.840332,4067,-1.025,-0.314,-70.401
XDA.XsDeviceId,1790002415.856351,4068,-1.384,-0.197,-69.756
XDA.XsDeviceId,1790002415.872202,4069,-1.566,-0.110,-69.215
XDA.XsDeviceId,1790002415.888005,4070,-1.671,0.035,-68.645
XDA.XsDeviceId,1790002415.903854,4071,-1.914,0.281,-68.199
XDA.XsDeviceId,1790002415.919862,4072,-2.383,0.828,-67.714
XDA.XsDeviceId,1790002415.935952,4073,-2.791,1.395,-67.344
XDA.XsDeviceId,1790002415.951772,4074,-3.004,1.565,-67.073
XDA.XsDeviceId,1790002415.967765,4075,-3.302,1.417,-67.051
XDA.XsDeviceId,1790002415.983403,4076,-3.665,1.265,-67.077
XDA.XsDeviceId,1790002415.999128,4077,-4.123,1.209,-67.192
XDA.XsDeviceId,1790002416.015142,4078,-4.735,1.396,-67.264
XDA.XsDeviceId,1790002416.031122,4079,-5.338,1.445,-67.326
XDA.XsDeviceId,1790002416.047099,4080,-5.905,1.595,-67.369
XDA.XsDeviceId,1790002416.063109,4081,-6.520,1.837,-67.382
XDA.XsDeviceId,1790002416.079047,4082,-7.192,2.031,-67.398
XDA.XsDeviceId,1790002416.095079,4083,-8.008,2.266,-67.272
XDA.XsDeviceId,1790002416.127078,4084,-8.931,2.349,-67.116
XDA.XsDeviceId,1790002416.142929,4085,-9.969,2.011,-67.085
XDA.XsDeviceId,1790002416.158680,4086,-11.169,1.428,-67.143
XDA.XsDeviceId,1790002416.174442,4087,-12.479,0.728,-67.301
XDA.XsDeviceId,1790002416.190549,4088,-13.782,-0.044,-67.498
XDA.XsDeviceId,1790002416.206507,4089,-15.082,-0.921,-67.682
XDA.XsDeviceId,1790002416.214717,4090,-16.375,-1.867,-67.830
XDA.XsDeviceId,1790002416.230429,4091,-17.664,-2.854,-67.956
XDA.XsDeviceId,1790002416.246256,4092,-18.954,-3.745,-68.052
XDA.XsDeviceId,1790002416.262340,4093,-20.260,-4.378,-68.139
XDA.XsDeviceId,1790002416.278260,4094,-21.446,-4.978,-68.141
XDA.XsDeviceId,1790002416.294358,4095,-22.402,-5.787,-68.039
XDA.XsDeviceId,1790002416.326215,4096,-23.235,-6.644,-67.834
XDA.XsDeviceId,1790002416.342134,4097,-24.053,-7.412,-67.622
XDA.XsDeviceId,1790002416.358243,4098,-24.880,-7.972,-67.498
XDA.XsDeviceId,1790002416.374192,4099,-25.700,-8.295,-67.451
XDA.XsDeviceId,1790002416.390245,4100,-26.464,-8.462,-67.487
XDA.XsDeviceId,1790002416.406145,4101,-27.145,-8.471,-67.570
XDA.XsDeviceId,1790002416.422179,4102,-27.691,-8.390,-67.727
XDA.XsDeviceId,1790002416.438130,4103,-28.070,-8.288,-67.951
XDA.XsDeviceId,1790002416.454099,4104,-28.244,-8.319,-68.168
XDA.XsDeviceId,1790002416.470052,4105,-28.275,-8.324,-68.371
XDA.XsDeviceId,1790002416.486034,4106,-28.166,-8.149,-68.644
XDA.XsDeviceId,1790002416.502038,4107,-27.975,-7.775,-69.059
XDA.XsDeviceId,1790002416.518030,4108,-27.771,-7.194,-69.587
XDA.XsDeviceId,1790002416.533922,4109,-27.570,-6.357,-70.201
XDA.XsDeviceId,1790002416.549815,4110,-27.288,-5.337,-70.827
XDA.XsDeviceId,1790002416.565857,4111,-26.808,-4.305,-71.394
XDA.XsDeviceId,1790002416.581793,4112,-26.174,-3.229,-71.894
XDA.XsDeviceId,1790002416.597915,4113,-25.419,-2.127,-72.301
XDA.XsDeviceId,1790002416.613920,4114,-24.494,-1.121,-72.571
XDA.XsDeviceId,1790002416.629745,4115,-23.378,-0.291,-72.712
XDA.XsDeviceId,1790002416.645835,4116,-22.053,0.213,-72.767
XDA.XsDeviceId,1790002416.661662,4117,-20.834,0.575,-72.913
XDA.XsDeviceId,1790002416.677652,4118,-19.856,1.325,-73.092
XDA.XsDeviceId,1790002416.709722,4119,-19.112,2.425,-73.213
XDA.XsDeviceId,1790002416.725617,4120,-18.250,3.413,-73.318
XDA.XsDeviceId,1790002416.741608,4121,-17.354,4.368,-73.387
XDA.XsDeviceId,1790002416.757380,4122,-16.510,5.355,-73.275
XDA.XsDeviceId,1790002416.773136,4123,-15.546,6.180,-73.005
XDA.XsDeviceId,1790002416.789036,4124,-14.450,6.748,-72.716
XDA.XsDeviceId,1790002416.805007,4125,-13.442,7.361,-72.396
XDA.XsDeviceId,1790002416.821004,4126,-12.600,8.017,-72.042
XDA.XsDeviceId,1790002416.836992,4127,-11.854,8.590,-71.680
XDA.XsDeviceId,1790002416.852690,4128,-11.060,8.970,-71.396
XDA.XsDeviceId,1790002416.868495,4129,-10.215,9.194,-71.211
XDA.XsDeviceId,1790002416.884440,4130,-9.387,9.392,-71.076
XDA.XsDeviceId,1790002416.900117,4131,-8.612,9.659,-70.926
XDA.XsDeviceId,1790002416.915797,4132,-8.019,9.922,-70.826
XDA.XsDeviceId,1790002416.931716,4133,-7.413,9.977,-70.770
XDA.XsDeviceId,1790002416.947913,4134,-6.616,9.696,-70.785
XDA.XsDeviceId,1790002416.963861,4135,-5.075,4.380,-71.932
XDA.XsDeviceId,1790002416.979828,4136,-4.936,3.933,-72.104
XDA.XsDeviceId,1790002416.995689,4137,-6.124,6.030,-71.874
XDA.XsDeviceId,1790002417.011680,4138,-6.768,7.085,-71.935
XDA.XsDeviceId,1790002417.027558,4139,-6.669,7.167,-72.043
XDA.XsDeviceId,1790002417.059653,4140,-6.319,6.714,-72.264
XDA.XsDeviceId,1790002417.075680,4141,-5.594,5.837,-72.407
XDA.XsDeviceId,1790002417.091661,4142,-4.928,5.051,-72.474
XDA.XsDeviceId,1790002417.107562,4143,-4.440,4.536,-72.540
XDA.XsDeviceId,1790002417.123504,4144,-4.185,4.196,-72.559
XDA.XsDeviceId,1790002417.139548,4145,-3.991,3.883,-72.566
XDA.XsDeviceId,1790002417.155522,4146,-3.857,3.681,-72.587
XDA.XsDeviceId,1790002417.171529,4147,-3.623,3.391,-72.615
XDA.XsDeviceId,1790002417.187490,4148,-3.358,3.158,-72.628
XDA.XsDeviceId,1790002417.203459,4149,-3.104,2.977,-72.633
XDA.XsDeviceId,1790002417.218855,4150,-2.887,2.851,-72.636
XDA.XsDeviceId,1790002417.234311,4151,-2.754,2.796,-72.635
XDA.XsDeviceId,1790002417.248067,4152,-2.642,2.775,-72.639
XDA.XsDeviceId,1790002417.263370,4153,-2.559,2.781,-72.644
XDA.XsDeviceId,1790002417.279443,4154,-2.489,2.782,-72.642
XDA.XsDeviceId,1790002417.295396,4155,-2.453,2.792,-72.637
XDA.XsDeviceId,1790002417.311445,4156,-2.424,2.804,-72.642
XDA.XsDeviceId,1790002417.327272,4157,-2.430,2.843,-72.648
XDA.XsDeviceId,1790002417.359157,4158,-2.430,2.881,-72.653
XDA.XsDeviceId,1790002417.375160,4159,-2.369,2.881,-72.657
XDA.XsDeviceId,1790002417.391024,4160,-2.286,2.868,-72.665
XDA.XsDeviceId,1790002417.407131,4161,-2.190,2.849,-72.679
XDA.XsDeviceId,1790002417.423084,4162,-2.069,2.794,-72.703
XDA.XsDeviceId,1790002417.439054,4163,-1.928,2.688,-72.729
XDA.XsDeviceId,1790002417.455099,4164,-1.819,2.600,-72.726
XDA.XsDeviceId,1790002417.470976,4165,-1.653,2.464,-72.712
XDA.XsDeviceId,1790002417.487059,4166,-1.493,2.357,-72.687
XDA.XsDeviceId,1790002417.503000,4167,-1.364,2.288,-72.659
XDA.XsDeviceId,1790002417.519040,4168,-1.245,2.210,-72.633
XDA.XsDeviceId,1790002417.534438,4169,-1.158,2.169,-72.601
XDA.XsDeviceId,1790002417.550573,4170,-1.123,2.163,-72.561
XDA.XsDeviceId,1790002417.566348,4171,-1.088,2.157,-72.542
XDA.XsDeviceId,1790002417.582460,4172,-1.067,2.151,-72.543
XDA.XsDeviceId,1790002417.598266,4173,-1.039,2.127,-72.562
XDA.XsDeviceId,1790002417.614037,4174,-1.005,2.085,-72.587
XDA.XsDeviceId,1790002417.629725,4175,-0.981,2.035,-72.623
XDA.XsDeviceId,1790002417.645702,4176,-0.960,1.983,-72.663
XDA.XsDeviceId,1790002417.661665,4177,-0.935,1.978,-72.719
XDA.XsDeviceId,1790002417.677611,4178,-0.912,1.979,-72.791
XDA.XsDeviceId,1790002417.709586,4179,-0.887,1.984,-72.864
XDA.XsDeviceId,1790002417.725509,4180,-0.867,1.971,-72.917
XDA.XsDeviceId,1790002417.741612,4181,-0.857,1.964,-72.960
XDA.XsDeviceId,1790002417.757581,4182,-0.856,1.958,-72.985
XDA.XsDeviceId,1790002417.773515,4183,-0.857,1.975,-72.989
XDA.XsDeviceId,1790002417.789576,4184,-0.852,1.977,-72.982
XDA.XsDeviceId,1790002417.805205,4185,-0.849,1.971,-72.970
XDA.XsDeviceId,1790002417.820954,4186,-0.843,1.950,-72.964
XDA.XsDeviceId,1790002417.836695,4187,-0.836,1.926,-72.961
XDA.XsDeviceId,1790002417.852320,4188,-0.829,1.908,-72.957
XDA.XsDeviceId,1790002417.868347,4189,-0.824,1.889,-72.947
XDA.XsDeviceId,1790002417.884408,4190,-0.823,1.892,-72.932
XDA.XsDeviceId,1790002417.900136,4191,-0.823,1.897,-72.920
XDA.XsDeviceId,1790002417.915910,4192,-0.819,1.909,-72.899
XDA.XsDeviceId,1790002417.931942,4193,-0.820,1.928,-72.873
XDA.XsDeviceId,1790002417.947891,4194,-0.823,1.959,-72.835
XDA.XsDeviceId,1790002417.963957,4195,-0.827,1.990,-72.797
XDA.XsDeviceId,1790002417.979840,4196,-0.832,2.031,-72.765
XDA.XsDeviceId,1790002417.995634,4197,-0.839,2.081,-72.736
XDA.XsDeviceId,1790002418.011672,4198,-0.853,2.169,-72.698
XDA.XsDeviceId,1790002418.027765,4199,-0.862,2.294,-72.640
XDA.XsDeviceId,1790002418.059700,4200,-0.895,2.483,-72.629
XDA.XsDeviceId,1790002418.075674,4201,-0.986,2.905,-72.638
XDA.XsDeviceId,1790002418.091464,4202,-1.474,3.605,-72.511
XDA.XsDeviceId,1790002418.107611,4203,-2.058,4.286,-72.187
XDA.XsDeviceId,1790002418.123506,4204,-2.462,4.867,-71.809
XDA.XsDeviceId,1790002418.139534,4205,-2.642,5.371,-71.593
XDA.XsDeviceId,1790002418.155474,4206,-2.849,5.630,-71.584
XDA.XsDeviceId,1790002418.171516,4207,-3.229,5.310,-71.549
XDA.XsDeviceId,1790002418.187463,4208,-4.078,5.394,-71.603
XDA.XsDeviceId,1790002418.203460,4209,-5.213,5.756,-71.638
XDA.XsDeviceId,1790002418.219386,4210,-6.451,5.908,-71.684
XDA.XsDeviceId,1790002418.234888,4211,-7.810,5.837,-71.740
XDA.XsDeviceId,1790002418.250204,4212,-9.278,5.467,-71.827
XDA.XsDeviceId,1790002418.266149,4213,-10.857,4.897,-71.938
XDA.XsDeviceId,1790002418.281433,4214,-12.502,4.158,-72.088
XDA.XsDeviceId,1790002418.296898,4215,-14.201,3.342,-72.263
XDA.XsDeviceId,1790002418.312708,4216,-15.953,2.562,-72.433
XDA.XsDeviceId,1790002418.328727,4217,-17.783,1.819,-72.639
XDA.XsDeviceId,1790002418.344723,4218,-19.644,1.112,-72.836
XDA.XsDeviceId,1790002418.376714,4219,-21.526,0.465,-72.983
XDA.XsDeviceId,1790002418.392640,4220,-23.251,-0.214,-73.053
XDA.XsDeviceId,1790002418.408698,4221,-24.729,-0.877,-73.050
XDA.XsDeviceId,1790002418.424579,4222,-26.091,-1.420,-73.051
XDA.XsDeviceId,1790002418.440591,4223,-27.391,-1.785,-73.136
XDA.XsDeviceId,1790002418.456631,4224,-28.526,-2.055,-73.297
XDA.XsDeviceId,1790002418.472470,4225,-29.474,-2.276,-73.468
XDA.XsDeviceId,1790002418.488468,4226,-30.254,-2.469,-73.596
XDA.XsDeviceId,1790002418.504454,4227,-30.835,-2.647,-73.658
XDA.XsDeviceId,1790002418.520395,4228,-31.246,-2.784,-73.651
XDA.XsDeviceId,1790002418.536524,4229,-31.520,-2.828,-73.661
XDA.XsDeviceId,1790002418.552454,4230,-31.703,-2.736,-73.730
XDA.XsDeviceId,1790002418.568330,4231,-31.748,-2.588,-73.838
XDA.XsDeviceId,1790002418.584371,4232,-31.584,-2.464,-73.944
XDA.XsDeviceId,1790002418.600119,4233,-31.262,-2.300,-74.047
XDA.XsDeviceId,1790002418.615916,4234,-30.859,-2.014,-74.159
XDA.XsDeviceId,1790002418.631724,4235,-30.384,-1.629,-74.309
XDA.XsDeviceId,1790002418.647378,4236,-29.797,-1.201,-74.475
XDA.XsDeviceId,1790002418.663141,4237,-29.015,-0.718,-74.591
XDA.XsDeviceId,1790002418.679159,4238,-28.074,-0.284,-74.690
XDA.XsDeviceId,1790002418.695115,4239,-27.149,0.089,-74.845
XDA.XsDeviceId,1790002418.711118,4240,-26.288,0.375,-74.975
XDA.XsDeviceId,1790002418.727152,4241,-25.387,0.737,-74.965
XDA.XsDeviceId,1790002418.759026,4242,-24.338,1.243,-74.801
XDA.XsDeviceId,1790002418.775074,4243,-23.288,2.046,-74.557
XDA.XsDeviceId,1790002418.790761,4244,-22.333,3.102,-74.299
XDA.XsDeviceId,1790002418.806485,4245,-21.289,3.980,-73.984
XDA.XsDeviceId,1790002418.822471,4246,-20.120,4.573,-73.696
XDA.XsDeviceId,1790002418.838434,4247,-18.925,5.165,-73.355
XDA.XsDeviceId,1790002418.854438,4248,-17.839,5.899,-72.972
XDA.XsDeviceId,1790002418.870511,4249,-16.743,6.593,-72.569
XDA.XsDeviceId,1790002418.886354,4250,-15.627,7.188,-72.175
XDA.XsDeviceId,1790002418.902450,4251,-14.592,7.714,-71.721
XDA.XsDeviceId,1790002418.918389,4252,-13.624,8.097,-71.237
XDA.XsDeviceId,1790002418.934224,4253,-12.662,8.410,-70.811
XDA.XsDeviceId,1790002418.950085,4254,-11.754,8.729,-70.490
XDA.XsDeviceId,1790002418.965880,4255,-10.897,9.051,-70.175
XDA.XsDeviceId,1790002418.981776,4256,-10.136,9.359,-69.878
XDA.XsDeviceId,1790002418.997738,4257,-9.478,9.623,-69.665
XDA.XsDeviceId,1790002419.013727,4258,-8.887,9.822,-69.520
XDA.XsDeviceId,1790002419.029666,4259,-8.309,9.832,-69.405
XDA.XsDeviceId,1790002419.045626,4260,-7.497,9.506,-69.371
XDA.XsDeviceId,1790002419.061765,4261,-6.371,7.020,-69.535
XDA.XsDeviceId,1790002419.077622,4262,-7.284,8.388,-69.323
XDA.XsDeviceId,1790002419.109543,4263,-8.193,9.729,-69.396
XDA.XsDeviceId,1790002419.125466,4264,-8.505,10.404,-69.566
XDA.XsDeviceId,1790002419.141634,4265,-8.162,10.122,-69.612
XDA.XsDeviceId,1790002419.157439,4266,-7.362,9.581,-69.520
XDA.XsDeviceId,1790002419.173579,4267,-6.258,8.044,-69.649
XDA.XsDeviceId,1790002419.189481,4268,-5.875,7.403,-69.742
XDA.XsDeviceId,1790002419.205526,4269,-5.936,7.416,-69.764
XDA.XsDeviceId,1790002419.221397,4270,-5.885,7.305,-69.811
XDA.XsDeviceId,1790002419.237484,4271,-5.823,7.174,-69.861
XDA.XsDeviceId,1790002419.253480,4272,-5.703,6.962,-69.910
XDA.XsDeviceId,1790002419.269506,4273,-5.488,6.669,-69.963
XDA.XsDeviceId,1790002419.284497,4274,-5.247,6.381,-69.988
XDA.XsDeviceId,1790002419.300562,4275,-5.037,6.184,-69.973
XDA.XsDeviceId,1790002419.330262,4276,-4.836,6.022,-69.928
XDA.XsDeviceId,1790002419.346339,4277,-4.634,5.868,-69.885
XDA.XsDeviceId,1790002419.362321,4278,-4.416,5.706,-69.857
XDA.XsDeviceId,1790002419.378333,4279,-4.288,5.609,-69.849
XDA.XsDeviceId,1790002419.394029,4280,-4.181,5.517,-69.860
XDA.XsDeviceId,1790002419.409631,4281,-4.065,5.414,-69.885
XDA.XsDeviceId,1790002419.425618,4282,-3.939,5.315,-69.917
XDA.XsDeviceId,1790002419.441571,4283,-3.788,5.200,-69.948
XDA.XsDeviceId,1790002419.457642,4284,-3.639,5.086,-69.971
XDA.XsDeviceId,1790002419.473557,4285,-3.501,4.991,-69.983
XDA.XsDeviceId,1790002419.489521,4286,-3.392,4.927,-69.986
XDA.XsDeviceId,1790002419.505360,4287,-3.300,4.869,-70.000
XDA.XsDeviceId,1790002419.521033,4288,-3.154,4.744,-70.046
XDA.XsDeviceId,1790002419.537040,4289,-2.974,4.624,-70.157
XDA.XsDeviceId,1790002419.552727,4290,-2.803,4.561,-70.285
XDA.XsDeviceId,1790002419.568500,4291,-2.620,4.504,-70.399
XDA.XsDeviceId,1790002419.584100,4292,-2.433,4.440,-70.473
XDA.XsDeviceId,1790002419.599974,4293,-2.248,4.365,-70.520
XDA.XsDeviceId,1790002419.615862,4294,-2.050,4.257,-70.557
XDA.XsDeviceId,1790002419.631794,4295,-1.876,4.148,-70.583
XDA.XsDeviceId,1790002419.647940,4296,-1.734,4.045,-70.601
XDA.XsDeviceId,1790002419.663862,4297,-1.637,3.976,-70.613
XDA.XsDeviceId,1790002419.679843,4298,-1.574,3.923,-70.626
XDA.XsDeviceId,1790002419.695826,4299,-1.543,3.896,-70.639
XDA.XsDeviceId,1790002419.711810,4300,-1.513,3.871,-70.654
XDA.XsDeviceId,1790002419.743629,4301,-1.513,3.877,-70.669
XDA.XsDeviceId,1790002419.759738,4302,-1.550,3.915,-70.692
XDA.XsDeviceId,1790002419.775755,4303,-1.646,3.983,-70.718
XDA.XsDeviceId,1790002419.791594,4304,-1.744,4.022,-70.767
XDA.XsDeviceId,1790002419.807705,4305,-1.871,4.146,-70.817
XDA.XsDeviceId,1790002419.823596,4306,-2.044,4.300,-70.858
XDA.XsDeviceId,1790002419.839606,4307,-2.186,4.415,-70.879
XDA.XsDeviceId,1790002419.855615,4308,-2.265,4.474,-70.888
XDA.XsDeviceId,1790002419.871620,4309,-2.339,4.535,-70.879
XDA.XsDeviceId,1790002419.887507,4310,-2.389,4.575,-70.867
XDA.XsDeviceId,1790002419.903479,4311,-2.429,4.608,-70.843
XDA.XsDeviceId,1790002419.919405,4312,-2.466,4.638,-70.814
XDA.XsDeviceId,1790002419.935434,4313,-2.493,4.647,-70.794
XDA.XsDeviceId,1790002419.951470,4314,-2.516,4.643,-70.783
XDA.XsDeviceId,1790002419.967318,4315,-2.522,4.636,-70.768
XDA.XsDeviceId,1790002419.983004,4316,-2.539,4.655,-70.748
XDA.XsDeviceId,1790002419.998842,4317,-2.579,4.689,-70.716
XDA.XsDeviceId,1790002420.014827,4318,-2.636,4.774,-70.681
XDA.XsDeviceId,1790002420.030814,4319,-2.657,4.956,-70.673
XDA.XsDeviceId,1790002420.046791,4320,-2.667,5.227,-70.766
XDA.XsDeviceId,1790002420.062834,4321,-3.090,5.838,-71.273
XDA.XsDeviceId,1790002420.078750,4322,-3.406,6.569,-71.563
XDA.XsDeviceId,1790002420.094767,4323,-3.697,6.601,-71.605
XDA.XsDeviceId,1790002420.126666,4324,-4.127,5.717,-71.656
XDA.XsDeviceId,1790002420.142756,4325,-4.759,4.685,-71.638
XDA.XsDeviceId,1790002420.158554,4326,-5.814,4.132,-71.730
XDA.XsDeviceId,1790002420.174433,4327,-7.242,4.132,-71.873
XDA.XsDeviceId,1790002420.190152,4328,-8.763,4.123,-71.996
XDA.XsDeviceId,1790002420.206108,4329,-10.363,4.004,-72.154
XDA.XsDeviceId,1790002420.222101,4330,-12.062,3.813,-72.357
XDA.XsDeviceId,1790002420.238109,4331,-13.820,3.498,-72.563
XDA.XsDeviceId,1790002420.253882,4332,-15.512,2.879,-72.793
XDA.XsDeviceId,1790002420.269625,4333,-17.155,2.025,-72.994
XDA.XsDeviceId,1790002420.285792,4334,-18.771,0.946,-73.123
XDA.XsDeviceId,1790002420.301880,4335,-20.385,-0.285,-73.180
XDA.XsDeviceId,1790002420.316721,4336,-21.989,-1.523,-73.225
XDA.XsDeviceId,1790002420.332790,4337,-23.579,-2.668,-73.272
XDA.XsDeviceId,1790002420.348089,4338,-25.162,-3.609,-73.350
XDA.XsDeviceId,1790002420.363363,4339,-26.705,-4.335,-73.425
XDA.XsDeviceId,1790002420.379247,4340,-28.132,-5.008,-73.470
XDA.XsDeviceId,1790002420.395302,4341,-29.414,-5.663,-73.478
XDA.XsDeviceId,1790002420.411303,4342,-30.516,-6.342,-73.456
XDA.XsDeviceId,1790002420.443093,4343,-31.454,-6.923,-73.466
XDA.XsDeviceId,1790002420.459083,4344,-32.232,-7.351,-73.560
XDA.XsDeviceId,1790002420.475216,4345,-32.837,-7.575,-73.683
XDA.XsDeviceId,1790002420.491150,4346,-33.238,-7.707,-73.787
XDA.XsDeviceId,1790002420.506951,4347,-33.423,-7.892,-73.768
XDA.XsDeviceId,1790002420.523116,4348,-33.459,-8.195,-73.649
XDA.XsDeviceId,1790002420.538871,4349,-33.397,-8.561,-73.475
XDA.XsDeviceId,1790002420.554612,4350,-33.290,-8.905,-73.369
XDA.XsDeviceId,1790002420.570531,4351,-33.142,-9.051,-73.420
XDA.XsDeviceId,1790002420.586236,4352,-32.858,-8.982,-73.581
XDA.XsDeviceId,1790002420.602021,4353,-32.426,-8.738,-73.798
XDA.XsDeviceId,1790002420.617878,4354,-31.938,-8.312,-74.039
XDA.XsDeviceId,1790002420.633957,4355,-31.419,-7.784,-74.270
XDA.XsDeviceId,1790002420.649948,4356,-30.791,-7.256,-74.473
XDA.XsDeviceId,1790002420.665929,4357,-30.044,-6.699,-74.644
XDA.XsDeviceId,1790002420.681840,4358,-29.224,-6.013,-74.818
XDA.XsDeviceId,1790002420.697949,4359,-28.324,-5.176,-75.022
XDA.XsDeviceId,1790002420.713982,4360,-27.433,-4.136,-75.217
XDA.XsDeviceId,1790002420.729893,4361,-26.718,-2.902,-75.244
XDA.XsDeviceId,1790002420.745667,4362,-26.169,-1.619,-75.119
XDA.XsDeviceId,1790002420.761343,4363,-25.590,-0.334,-74.927
XDA.XsDeviceId,1790002420.793171,4364,-24.909,1.042,-74.708
XDA.XsDeviceId,1790002420.809156,4365,-24.117,2.506,-74.429
XDA.XsDeviceId,1790002420.825227,4366,-23.164,3.871,-74.055
XDA.XsDeviceId,1790002420.841150,4367,-21.963,5.028,-73.582
XDA.XsDeviceId,1790002420.857190,4368,-20.531,5.952,-73.153
XDA.XsDeviceId,1790002420.873154,4369,-19.031,6.951,-72.738
XDA.XsDeviceId,1790002420.889170,4370,-17.721,8.136,-72.359
XDA.XsDeviceId,1790002420.905107,4371,-16.503,9.275,-71.984
XDA.XsDeviceId,1790002420.920885,4372,-15.274,10.124,-71.632
XDA.XsDeviceId,1790002420.936974,4373,-13.978,10.600,-71.468
XDA.XsDeviceId,1790002420.952906,4374,-12.879,11.200,-71.430
XDA.XsDeviceId,1790002420.968975,4375,-12.182,12.095,-71.438
XDA.XsDeviceId,1790002420.984932,4376,-11.635,12.855,-71.446
XDA.XsDeviceId,1790002421.000524,4377,-10.990,13.276,-71.462
XDA.XsDeviceId,1790002421.016265,4378,-10.315,13.468,-71.498
XDA.XsDeviceId,1790002421.032288,4379,-9.844,13.678,-71.582
XDA.XsDeviceId,1790002421.048313,4380,-9.603,14.080,-71.622
XDA.XsDeviceId,1790002421.064301,4381,-9.497,14.499,-71.607
XDA.XsDeviceId,1790002421.080379,4382,-9.409,14.775,-71.509
XDA.XsDeviceId,1790002421.096308,4383,-9.373,14.825,-71.427
XDA.XsDeviceId,1790002421.112162,4384,-9.015,13.338,-71.659
XDA.XsDeviceId,1790002421.128220,4385,-8.697,11.446,-71.877
XDA.XsDeviceId,1790002421.144142,4386,-9.072,11.725,-71.776
XDA.XsDeviceId,1790002421.176102,4387,-9.823,13.004,-71.882
XDA.XsDeviceId,1790002421.192119,4388,-10.357,13.786,-72.268
XDA.XsDeviceId,1790002421.208057,4389,-10.311,13.732,-72.589
XDA.XsDeviceId,1790002421.224071,4390,-9.383,12.775,-72.719
XDA.XsDeviceId,1790002421.240173,4391,-7.998,11.034,-72.841
XDA.XsDeviceId,1790002421.255929,4392,-7.121,9.803,-72.885
XDA.XsDeviceId,1790002421.272060,4393,-6.640,9.147,-72.892
XDA.XsDeviceId,1790002421.287830,4394,-6.306,8.696,-72.859
XDA.XsDeviceId,1790002421.303451,4395,-5.966,8.263,-72.829
XDA.XsDeviceId,1790002421.319431,4396,-5.647,7.857,-72.798
XDA.XsDeviceId,1790002421.335417,4397,-5.390,7.532,-72.755
XDA.XsDeviceId,1790002421.351162,4398,-5.210,7.352,-72.695
XDA.XsDeviceId,1790002421.367251,4399,-5.170,7.337,-72.640
XDA.XsDeviceId,1790002421.396880,4400,-5.220,7.411,-72.605
XDA.XsDeviceId,1790002421.413010,4401,-5.302,7.491,-72.598
XDA.XsDeviceId,1790002421.428955,4402,-5.318,7.496,-72.628
XDA.XsDeviceId,1790002421.444790,4403,-5.248,7.411,-72.671
XDA.XsDeviceId,1790002421.460829,4404,-5.143,7.293,-72.715
XDA.XsDeviceId,1790002421.476813,4405,-5.051,7.205,-72.744
XDA.XsDeviceId,1790002421.492720,4406,-5.008,7.188,-72.748
XDA.XsDeviceId,1790002421.508664,4407,-4.980,7.211,-72.735
XDA.XsDeviceId,1790002421.524719,4408,-4.912,7.214,-72.713
XDA.XsDeviceId,1790002421.540660,4409,-4.784,7.152,-72.689
XDA.XsDeviceId,1790002421.556638,4410,-4.619,7.069,-72.653
XDA.XsDeviceId,1790002421.572526,4411,-4.427,6.966,-72.617
XDA.XsDeviceId,1790002421.588511,4412,-4.269,6.907,-72.582
XDA.XsDeviceId,1790002421.604508,4413,-4.150,6.868,-72.563
XDA.XsDeviceId,1790002421.620556,4414,-4.061,6.824,-72.558
XDA.XsDeviceId,1790002421.636555,4415,-4.003,6.769,-72.572
XDA.XsDeviceId,1790002421.652422,4416,-3.941,6.698,-72.586
XDA.XsDeviceId,1790002421.668473,4417,-3.862,6.612,-72.604
XDA.XsDeviceId,1790002421.684446,4418,-3.829,6.575,-72.611
XDA.XsDeviceId,1790002421.700165,4419,-3.828,6.597,-72.608
XDA.XsDeviceId,1790002421.715918,4420,-3.828,6.620,-72.606
XDA.XsDeviceId,1790002421.731790,4421,-3.827,6.636,-72.608
XDA.XsDeviceId,1790002421.747855,4422,-3.845,6.671,-72.612
XDA.XsDeviceId,1790002421.763779,4423,-3.867,6.694,-72.625
XDA.XsDeviceId,1790002421.779812,4424,-3.872,6.681,-72.645
XDA.XsDeviceId,1790002421.795833,4425,-3.893,6.679,-72.659
XDA.XsDeviceId,1790002421.811582,4426,-3.911,6.681,-72.670
XDA.XsDeviceId,1790002421.843160,4427,-3.918,6.675,-72.680
XDA.XsDeviceId,1790002421.859170,4428,-3.919,6.676,-72.686
XDA.XsDeviceId,1790002421.875153,4429,-3.918,6.692,-72.691
XDA.XsDeviceId,1790002421.891036,4430,-3.909,6.706,-72.696
XDA.XsDeviceId,1790002421.907140,4431,-3.907,6.724,-72.705
XDA.XsDeviceId,1790002421.923134,4432,-3.919,6.746,-72.718
XDA.XsDeviceId,1790002421.938904,4433,-3.935,6.769,-72.740
XDA.XsDeviceId,1790002421.954570,4434,-3.963,6.809,-72.761
XDA.XsDeviceId,1790002421.970572,4435,-3.981,6.844,-72.779
XDA.XsDeviceId,1790002421.986455,4436,-3.971,6.841,-72.805
XDA.XsDeviceId,1790002422.002535,4437,-3.930,6.795,-72.827
XDA.XsDeviceId,1790002422.018408,4438,-3.870,6.720,-72.833
XDA.XsDeviceId,1790002422.034400,4439,-3.803,6.634,-72.823
XDA.XsDeviceId,1790002422.050635,4440,-3.755,6.554,-72.792
XDA.XsDeviceId,1790002422.066388,4441,-3.656,6.419,-72.756
XDA.XsDeviceId,1790002422.082447,4442,-3.480,6.208,-72.721
XDA.XsDeviceId,1790002422.098367,4443,-3.261,5.866,-72.668
XDA.XsDeviceId,1790002422.114435,4444,-2.827,5.385,-72.611
XDA.XsDeviceId,1790002422.130328,4445,-2.475,4.633,-72.584
XDA.XsDeviceId,1790002422.146352,4446,-1.840,3.700,-72.442
XDA.XsDeviceId,1790002422.162284,4447,-1.211,2.548,-72.430
XDA.XsDeviceId,1790002422.178212,4448,-0.798,1.426,-72.582
XDA.XsDeviceId,1790002422.194039,4449,-0.744,1.170,-72.791
XDA.XsDeviceId,1790002422.226255,4450,-0.644,0.953,-73.064
XDA.XsDeviceId,1790002422.242105,4451,-0.606,0.723,-73.317
XDA.XsDeviceId,1790002422.258003,4452,-0.541,0.483,-73.508
XDA.XsDeviceId,1790002422.273745,4453,-0.446,0.262,-73.651
XDA.XsDeviceId,1790002422.289500,4454,-0.387,0.092,-73.762
XDA.XsDeviceId,1790002422.305549,4455,-0.374,-0.032,-73.780
XDA.XsDeviceId,1790002422.321529,4456,-0.303,-0.117,-73.838
XDA.XsDeviceId,1790002422.337544,4457,-0.296,-0.172,-73.898
XDA.XsDeviceId,1790002422.353368,4458,-0.318,-0.207,-73.925
XDA.XsDeviceId,1790002422.369462,4459,-0.338,-0.256,-73.873
XDA.XsDeviceId,1790002422.385437,4460,-0.309,-0.313,-73.778
XDA.XsDeviceId,1790002422.400467,4461,-0.272,-0.359,-73.725
XDA.XsDeviceId,1790002422.414713,4462,-0.302,-0.396,-73.671
XDA.XsDeviceId,1790002422.430285,4463,-0.463,-0.411,-73.685
XDA.XsDeviceId,1790002422.446218,4464,-0.515,-0.435,-73.770
XDA.XsDeviceId,1790002422.462258,4465,-0.536,-0.503,-73.855
XDA.XsDeviceId,1790002422.478256,4466,-0.528,-0.573,-73.863
XDA.XsDeviceId,1790002422.494171,4467,-0.558,-0.604,-73.869
XDA.XsDeviceId,1790002422.526164,4468,-0.582,-0.616,-73.904
XDA.XsDeviceId,1790002422.542093,4469,-0.587,-0.622,-73.964
XDA.XsDeviceId,1790002422.558085,4470,-0.589,-0.627,-74.046
XDA.XsDeviceId,1790002422.574057,4471,-0.589,-0.624,-74.173
XDA.XsDeviceId,1790002422.590102,4472,-0.597,-0.605,-74.358
XDA.XsDeviceId,1790002422.606022,4473,-0.594,-0.601,-74.511
XDA.XsDeviceId,1790002422.621952,4474,-0.583,-0.598,-74.599
XDA.XsDeviceId,1790002422.638072,4475,-0.568,-0.592,-74.645
XDA.XsDeviceId,1790002422.653915,4476,-0.553,-0.583,-74.687
XDA.XsDeviceId,1790002422.669949,4477,-0.547,-0.581,-74.741
XDA.XsDeviceId,1790002422.685972,4478,-0.557,-0.586,-74.821
XDA.XsDeviceId,1790002422.701832,4479,-0.567,-0.584,-74.886
XDA.XsDeviceId,1790002422.717611,4480,-0.565,-0.586,-74.907
XDA.XsDeviceId,1790002422.733402,4481,-0.566,-0.593,-74.864
XDA.XsDeviceId,1790002422.749264,4482,-0.566,-0.597,-74.859
XDA.XsDeviceId,1790002422.765255,4483,-0.565,-0.593,-74.861
XDA.XsDeviceId,1790002422.781422,4484,-0.575,-0.587,-74.954
XDA.XsDeviceId,1790002422.797239,4485,-0.569,-0.585,-75.247
XDA.XsDeviceId,1790002422.813133,4486,-0.555,-0.596,-75.567
XDA.XsDeviceId,1790002422.829135,4487,-0.551,-0.598,-75.748
XDA.XsDeviceId,1790002422.844792,4488,-0.553,-0.603,-75.881
XDA.XsDeviceId,1790002422.876691,4489,-0.552,-0.603,-75.942
XDA.XsDeviceId,1790002422.892691,4490,-0.551,-0.603,-75.959
XDA.XsDeviceId,1790002422.908598,4491,-0.549,-0.604,-75.967
XDA.XsDeviceId,1790002422.924389,4492,-0.550,-0.603,-75.972
XDA.XsDeviceId,1790002422.940243,4493,-0.551,-0.602,-75.974
XDA.XsDeviceId,1790002422.956056,4494,-0.555,-0.605,-75.975
XDA.XsDeviceId,1790002422.972007,4495,-0.557,-0.607,-75.982
XDA.XsDeviceId,1790002422.988016,4496,-0.559,-0.609,-75.985
XDA.XsDeviceId,1790002423.003975,4497,-0.561,-0.609,-75.988
XDA.XsDeviceId,1790002423.019764,4498,-0.562,-0.609,-75.989
XDA.XsDeviceId,1790002423.035517,4499,-0.562,-0.610,-75.991
XDA.XsDeviceId,1790002423.051317,4500,-0.563,-0.610,-75.994
XDA.XsDeviceId,1790002423.067240,4501,-0.562,-0.610,-75.993
XDA.XsDeviceId,1790002423.083322,4502,-0.562,-0.611,-75.993
XDA.XsDeviceId,1790002423.099257,4503,-0.559,-0.609,-75.991
XDA.XsDeviceId,1790002423.115309,4504,-0.559,-0.608,-75.990
XDA.XsDeviceId,1790002423.131284,4505,-0.555,-0.608,-75.991
XDA.XsDeviceId,1790002423.147212,4506,-0.554,-0.607,-75.990
XDA.XsDeviceId,1790002423.163179,4507,-0.554,-0.606,-75.989
XDA.XsDeviceId,1790002423.179115,4508,-0.554,-0.606,-75.985
XDA.XsDeviceId,1790002423.195111,4509,-0.549,-0.603,-75.955
XDA.XsDeviceId,1790002423.211087,4510,-0.546,-0.602,-75.937
